config,top_k,intro_chunks,context_window,max_context_chunks,questions,avg_context_chunks,avg_context_words,avg_unique_documents,first_chunk_gold_rate,context_hit_rate,gold_chunk_share,avg_non_gold_chunks,required_term_coverage,avg_retrieval_ms,selection_score
top_k=3; intro=0; window=0; max=6,3,0,0,6,20,3.0,344.05,2.0,0.65,0.95,0.566667,1.3,1.0,294.743,0.758766
top_k=3; intro=0; window=0; max=8,3,0,0,8,20,3.0,344.05,2.0,0.65,0.95,0.566667,1.3,1.0,294.743,0.758766
top_k=3; intro=0; window=0; max=10,3,0,0,10,20,3.0,344.05,2.0,0.65,0.95,0.566667,1.3,1.0,294.743,0.758766
top_k=3; intro=0; window=0; max=12,3,0,0,12,20,3.0,344.05,2.0,0.65,0.95,0.566667,1.3,1.0,294.743,0.758766
top_k=3; intro=0; window=0; max=16,3,0,0,16,20,3.0,344.05,2.0,0.65,0.95,0.566667,1.3,1.0,294.743,0.758766
top_k=5; intro=2; window=1; max=6,5,2,1,6,20,6.0,697.8,1.75,0.65,0.9,0.591667,2.45,1.0,294.743,0.73987
top_k=5; intro=0; window=0; max=6,5,0,0,6,20,5.0,572.2,2.85,0.65,0.95,0.52,2.4,1.0,294.743,0.738963
top_k=5; intro=0; window=0; max=8,5,0,0,8,20,5.0,572.2,2.85,0.65,0.95,0.52,2.4,1.0,294.743,0.738963
top_k=5; intro=0; window=0; max=10,5,0,0,10,20,5.0,572.2,2.85,0.65,0.95,0.52,2.4,1.0,294.743,0.738963
top_k=5; intro=0; window=0; max=12,5,0,0,12,20,5.0,572.2,2.85,0.65,0.95,0.52,2.4,1.0,294.743,0.738963
top_k=5; intro=0; window=0; max=16,5,0,0,16,20,5.0,572.2,2.85,0.65,0.95,0.52,2.4,1.0,294.743,0.738963
top_k=3; intro=2; window=1; max=6,3,2,1,6,20,6.0,697.8,1.9,0.65,0.9,0.575,2.55,1.0,294.743,0.73487
top_k=5; intro=1; window=1; max=6,5,1,1,6,20,6.0,697.8,1.85,0.65,0.9,0.575,2.55,1.0,294.743,0.73487
top_k=5; intro=0; window=1; max=6,5,0,1,6,20,6.0,687.85,1.9,0.65,0.9,0.558333,2.65,1.0,294.743,0.730036
top_k=3; intro=1; window=0; max=6,3,1,0,6,20,6.0,692.2,2.65,0.65,0.95,0.5,3.0,1.0,294.743,0.729963
top_k=3; intro=1; window=1; max=6,3,1,1,6,20,6.0,697.8,2.0,0.65,0.9,0.558333,2.65,1.0,294.743,0.72987
top_k=3; intro=0; window=2; max=6,3,0,2,6,20,6.0,687.95,1.7,0.65,0.85,0.608333,2.35,1.0,294.743,0.727534
top_k=5; intro=0; window=2; max=6,5,0,2,6,20,6.0,687.95,1.7,0.65,0.85,0.608333,2.35,1.0,294.743,0.727534
top_k=5; intro=1; window=0; max=6,5,1,0,6,20,6.0,692.2,2.55,0.65,0.95,0.491667,3.05,1.0,294.743,0.727463
top_k=3; intro=0; window=1; max=6,3,0,1,6,20,6.0,687.85,2.05,0.65,0.9,0.541667,2.75,1.0,294.743,0.725036
top_k=5; intro=0; window=1; max=8,5,0,1,8,20,8.0,910.4,2.5,0.65,0.95,0.5,4.0,1.0,294.743,0.724327
top_k=7; intro=0; window=1; max=8,7,0,1,8,20,8.0,910.4,2.45,0.65,0.95,0.5,4.0,1.0,294.743,0.724327
top_k=5; intro=2; window=2; max=8,5,2,2,8,20,8.0,917.9,2.0,0.65,0.9,0.55625,3.55,1.0,294.743,0.723577
top_k=7; intro=2; window=2; max=8,7,2,2,8,20,8.0,917.9,1.95,0.65,0.9,0.55625,3.55,1.0,294.743,0.723577
top_k=3; intro=2; window=2; max=8,3,2,2,8,20,8.0,917.45,2.25,0.65,0.9,0.55,3.6,1.0,294.743,0.721709
top_k=3; intro=0; window=1; max=8,3,0,1,8,20,8.0,915.8,2.9,0.65,0.95,0.4875,4.1,1.0,294.743,0.720487
top_k=3; intro=2; window=0; max=6,3,2,0,6,20,6.0,696.25,2.25,0.65,0.9,0.525,2.85,1.0,294.743,0.719896
top_k=5; intro=1; window=2; max=8,5,1,2,8,20,8.0,917.9,2.05,0.65,0.9,0.54375,3.65,1.0,294.743,0.719827
top_k=7; intro=1; window=2; max=8,7,1,2,8,20,8.0,917.9,2.0,0.65,0.9,0.54375,3.65,1.0,294.743,0.719827
top_k=3; intro=1; window=2; max=8,3,1,2,8,20,8.0,917.45,2.3,0.65,0.9,0.5375,3.7,1.0,294.743,0.717959
top_k=5; intro=5; window=1; max=6,5,5,1,6,20,6.0,693.95,1.5,0.65,0.8,0.633333,2.2,1.0,294.743,0.717434
top_k=5; intro=0; window=2; max=8,5,0,2,8,20,8.0,916.6,2.05,0.65,0.9,0.53125,3.75,1.0,294.743,0.716098
top_k=7; intro=0; window=2; max=8,7,0,2,8,20,8.0,916.6,2.0,0.65,0.9,0.53125,3.75,1.0,294.743,0.716098
top_k=5; intro=3; window=1; max=8,5,3,1,8,20,8.0,932.3,2.15,0.65,0.9,0.53125,3.75,1.0,294.743,0.715837
top_k=7; intro=3; window=1; max=8,7,3,1,8,20,8.0,932.3,2.1,0.65,0.9,0.53125,3.75,1.0,294.743,0.715837
top_k=7; intro=0; window=2; max=10,7,0,2,10,20,10.0,1137.7,2.45,0.65,0.95,0.49,5.1,1.0,294.743,0.715538
top_k=10; intro=0; window=2; max=10,10,0,2,10,20,10.0,1137.7,2.45,0.65,0.95,0.49,5.1,1.0,294.743,0.715538
top_k=3; intro=5; window=1; max=6,3,5,1,6,20,6.0,693.95,1.55,0.65,0.8,0.625,2.25,1.0,294.743,0.714934
top_k=5; intro=2; window=0; max=6,5,2,0,6,20,6.0,696.25,2.15,0.65,0.9,0.508333,2.95,1.0,294.743,0.714896
top_k=3; intro=2; window=0; max=8,3,2,0,8,20,8.0,930.15,3.15,0.65,0.95,0.46875,4.25,1.0,294.743,0.714622
top_k=3; intro=0; window=2; max=8,3,0,2,8,20,8.0,916.15,2.3,0.65,0.9,0.525,3.8,1.0,294.743,0.714231
top_k=5; intro=0; window=2; max=10,5,0,2,10,20,10.0,1141.65,2.55,0.65,0.95,0.485,5.15,1.0,294.743,0.713973
top_k=3; intro=3; window=1; max=8,3,3,1,8,20,8.0,931.85,2.5,0.65,0.9,0.525,3.8,1.0,294.743,0.713969
top_k=3; intro=0; window=2; max=10,3,0,2,10,20,10.0,1143.25,3.05,0.65,0.95,0.48,5.2,1.0,294.743,0.712446
top_k=5; intro=2; window=1; max=8,5,2,1,8,20,8.0,931.8,2.15,0.65,0.9,0.51875,3.85,1.0,294.743,0.712095
top_k=7; intro=2; window=1; max=8,7,2,1,8,20,8.0,931.8,2.1,0.65,0.9,0.51875,3.85,1.0,294.743,0.712095
top_k=7; intro=0; window=0; max=8,7,0,0,8,20,7.0,809.05,3.8,0.65,0.95,0.45,3.85,1.0,294.743,0.712016
top_k=7; intro=0; window=0; max=10,7,0,0,10,20,7.0,809.05,3.8,0.65,0.95,0.45,3.85,1.0,294.743,0.712016
top_k=7; intro=0; window=0; max=12,7,0,0,12,20,7.0,809.05,3.8,0.65,0.95,0.45,3.85,1.0,294.743,0.712016
top_k=7; intro=0; window=0; max=16,7,0,0,16,20,7.0,809.05,3.8,0.65,0.95,0.45,3.85,1.0,294.743,0.712016
top_k=3; intro=1; window=0; max=8,3,1,0,8,20,8.0,920.9,3.65,0.65,0.95,0.45625,4.35,1.0,294.743,0.711027
top_k=5; intro=2; window=0; max=8,5,2,0,8,20,8.0,930.6,2.75,0.65,0.95,0.45625,4.35,1.0,294.743,0.710865
top_k=7; intro=2; window=0; max=8,7,2,0,8,20,8.0,930.6,2.75,0.65,0.95,0.45625,4.35,1.0,294.743,0.710865
top_k=5; intro=1; window=1; max=8,5,1,1,8,20,8.0,917.4,2.2,0.65,0.9,0.5125,3.9,1.0,294.743,0.71046
top_k=7; intro=1; window=1; max=8,7,1,1,8,20,8.0,917.4,2.15,0.65,0.9,0.5125,3.9,1.0,294.743,0.71046
top_k=3; intro=2; window=1; max=8,3,2,1,8,20,8.0,931.35,2.5,0.65,0.9,0.5125,3.9,1.0,294.743,0.710227
top_k=3; intro=3; window=0; max=6,3,3,0,6,20,6.0,705.6,2.05,0.65,0.85,0.55,2.7,1.0,294.743,0.70974
top_k=3; intro=1; window=1; max=8,3,1,1,8,20,8.0,922.7,2.55,0.65,0.9,0.50625,3.95,1.0,294.743,0.708497
top_k=7; intro=1; window=1; max=10,7,1,1,10,20,10.0,1149.4,2.7,0.65,0.95,0.465,5.35,1.0,294.743,0.707843
top_k=10; intro=1; window=1; max=10,10,1,1,10,20,10.0,1149.4,2.7,0.65,0.95,0.465,5.35,1.0,294.743,0.707843
top_k=3; intro=5; window=0; max=6,3,5,0,6,20,6.0,693.95,1.7,0.65,0.8,0.6,2.4,1.0,294.743,0.707434
top_k=5; intro=5; window=0; max=6,5,5,0,6,20,6.0,693.95,1.7,0.65,0.8,0.6,2.4,1.0,294.743,0.707434
top_k=5; intro=3; window=1; max=6,5,3,1,6,20,6.0,697.8,1.5,0.65,0.8,0.6,2.4,1.0,294.743,0.70737
top_k=5; intro=3; window=0; max=6,5,3,0,6,20,6.0,705.6,1.95,0.65,0.85,0.541667,2.75,1.0,294.743,0.70724
top_k=7; intro=0; window=1; max=10,7,0,1,10,20,10.0,1145.55,2.95,0.65,0.95,0.46,5.4,1.0,294.743,0.706407
top_k=10; intro=0; window=1; max=10,10,0,1,10,20,10.0,1145.55,2.95,0.65,0.95,0.46,5.4,1.0,294.743,0.706407
top_k=3; intro=3; window=0; max=8,3,3,0,8,20,8.0,935.8,2.65,0.65,0.9,0.5,4.0,1.0,294.743,0.706403
top_k=5; intro=1; window=1; max=10,5,1,1,10,20,10.0,1153.35,2.8,0.65,0.95,0.46,5.4,1.0,294.743,0.706277
top_k=5; intro=0; window=1; max=10,5,0,1,10,20,10.0,1149.05,3.1,0.65,0.95,0.455,5.45,1.0,294.743,0.704849
top_k=5; intro=3; window=2; max=8,5,3,2,8,20,8.0,923.4,1.9,0.65,0.85,0.55,3.6,1.0,294.743,0.70411
top_k=7; intro=3; window=2; max=8,7,3,2,8,20,8.0,923.4,1.85,0.65,0.85,0.55,3.6,1.0,294.743,0.70411
top_k=5; intro=1; window=0; max=8,5,1,0,8,20,8.0,924.6,3.4,0.65,0.95,0.43125,4.55,1.0,294.743,0.703465
top_k=3; intro=1; window=1; max=10,3,1,1,10,20,10.0,1149.3,3.45,0.65,0.95,0.45,5.5,1.0,294.743,0.703345
top_k=5; intro=3; window=0; max=8,5,3,0,8,20,8.0,936.25,2.25,0.65,0.9,0.4875,4.1,1.0,294.743,0.702646
top_k=7; intro=3; window=0; max=8,7,3,0,8,20,8.0,936.25,2.2,0.65,0.9,0.4875,4.1,1.0,294.743,0.702646
top_k=3; intro=1; window=2; max=12,3,1,2,12,20,11.5,1314.45,3.4,0.65,0.95,0.461515,6.25,1.0,294.743,0.702547
top_k=3; intro=3; window=1; max=6,3,3,1,6,20,6.0,697.8,1.65,0.65,0.8,0.583333,2.5,1.0,294.743,0.70237
top_k=3; intro=3; window=2; max=8,3,3,2,8,20,8.0,922.95,2.15,0.65,0.85,0.54375,3.65,1.0,294.743,0.702242
top_k=5; intro=1; window=2; max=12,5,1,2,12,20,11.8,1354.15,2.7,0.65,0.95,0.461667,6.35,1.0,294.743,0.701631
top_k=7; intro=1; window=0; max=8,7,1,0,8,20,8.0,927.65,3.3,0.65,0.95,0.425,4.6,1.0,294.743,0.701539
top_k=3; intro=5; window=2; max=10,3,5,2,10,20,10.0,1143.7,2.7,0.65,0.9,0.5,5.0,1.0,294.743,0.700938
top_k=5; intro=5; window=2; max=10,5,5,2,10,20,10.0,1147.85,2.2,0.65,0.9,0.5,5.0,1.0,294.743,0.700869
top_k=7; intro=5; window=2; max=10,7,5,2,10,20,10.0,1147.85,2.1,0.65,0.9,0.5,5.0,1.0,294.743,0.700869
top_k=10; intro=5; window=2; max=10,10,5,2,10,20,10.0,1147.85,2.1,0.65,0.9,0.5,5.0,1.0,294.743,0.700869
top_k=7; intro=1; window=2; max=12,7,1,2,12,20,11.95,1368.65,2.65,0.65,0.95,0.460227,6.45,1.0,294.743,0.700807
top_k=7; intro=2; window=2; max=10,7,2,2,10,20,10.0,1152.65,2.2,0.65,0.9,0.5,5.0,1.0,294.743,0.700789
top_k=10; intro=2; window=2; max=10,10,2,2,10,20,10.0,1152.65,2.2,0.65,0.9,0.5,5.0,1.0,294.743,0.700789
top_k=7; intro=3; window=2; max=10,7,3,2,10,20,10.0,1153.15,2.2,0.65,0.9,0.5,5.0,1.0,294.743,0.700781
top_k=10; intro=3; window=2; max=10,10,3,2,10,20,10.0,1153.15,2.2,0.65,0.9,0.5,5.0,1.0,294.743,0.700781
top_k=10; intro=1; window=2; max=12,10,1,2,12,20,12.0,1370.7,2.55,0.65,0.95,0.458333,6.5,1.0,294.743,0.700155
top_k=3; intro=3; window=0; max=10,3,3,0,10,20,10.0,1160.7,3.6,0.65,0.95,0.44,5.6,1.0,294.743,0.700155
top_k=7; intro=1; window=2; max=10,7,1,2,10,20,10.0,1144.7,2.2,0.65,0.9,0.495,5.05,1.0,294.743,0.699422
top_k=10; intro=1; window=2; max=10,10,1,2,10,20,10.0,1144.7,2.2,0.65,0.9,0.495,5.05,1.0,294.743,0.699422
top_k=3; intro=2; window=2; max=10,3,2,2,10,20,10.0,1152.45,2.8,0.65,0.9,0.495,5.05,1.0,294.743,0.699292
top_k=3; intro=3; window=2; max=10,3,3,2,10,20,10.0,1152.95,2.8,0.65,0.9,0.495,5.05,1.0,294.743,0.699284
top_k=5; intro=2; window=2; max=10,5,2,2,10,20,10.0,1156.6,2.3,0.65,0.9,0.495,5.05,1.0,294.743,0.699223
top_k=5; intro=3; window=2; max=10,5,3,2,10,20,10.0,1157.1,2.3,0.65,0.9,0.495,5.05,1.0,294.743,0.699215
top_k=3; intro=0; window=2; max=12,3,0,2,12,20,11.5,1314.45,3.75,0.65,0.95,0.449015,6.4,1.0,294.743,0.698797
top_k=5; intro=0; window=2; max=12,5,0,2,12,20,11.8,1354.15,3.0,0.65,0.95,0.449167,6.5,1.0,294.743,0.697881
top_k=5; intro=1; window=2; max=10,5,1,2,10,20,10.0,1148.65,2.3,0.65,0.9,0.49,5.1,1.0,294.743,0.697856
top_k=3; intro=1; window=2; max=10,3,1,2,10,20,10.0,1150.25,2.8,0.65,0.9,0.49,5.1,1.0,294.743,0.697829
top_k=3; intro=5; window=1; max=10,3,5,1,10,20,10.0,1153.6,2.75,0.65,0.9,0.49,5.1,1.0,294.743,0.697773
top_k=3; intro=0; window=1; max=10,3,0,1,10,20,10.0,1146.35,4.0,0.65,0.95,0.43,5.7,1.0,294.743,0.697394
top_k=7; intro=0; window=2; max=12,7,0,2,12,20,11.95,1368.65,2.9,0.65,0.95,0.447727,6.6,1.0,294.743,0.697057
top_k=5; intro=3; window=0; max=10,5,3,0,10,20,10.0,1170.15,3.1,0.65,0.95,0.43,5.7,1.0,294.743,0.696998
top_k=7; intro=3; window=0; max=10,7,3,0,10,20,10.0,1170.6,2.95,0.65,0.95,0.43,5.7,1.0,294.743,0.69699
top_k=10; intro=3; window=0; max=10,10,3,0,10,20,10.0,1170.6,2.9,0.65,0.95,0.43,5.7,1.0,294.743,0.69699
top_k=3; intro=5; window=0; max=8,3,5,0,8,20,8.0,933.5,2.25,0.65,0.85,0.525,3.8,1.0,294.743,0.696442
top_k=10; intro=0; window=2; max=12,10,0,2,12,20,12.0,1370.7,2.8,0.65,0.95,0.445833,6.65,1.0,294.743,0.696405
top_k=7; intro=3; window=1; max=10,7,3,1,10,20,10.0,1156.5,2.25,0.65,0.9,0.485,5.15,1.0,294.743,0.696225
top_k=10; intro=3; window=1; max=10,10,3,1,10,20,10.0,1156.5,2.25,0.65,0.9,0.485,5.15,1.0,294.743,0.696225
top_k=5; intro=5; window=1; max=10,5,5,1,10,20,10.0,1157.75,2.25,0.65,0.9,0.485,5.15,1.0,294.743,0.696204
top_k=7; intro=5; window=1; max=10,7,5,1,10,20,10.0,1157.75,2.15,0.65,0.9,0.485,5.15,1.0,294.743,0.696204
top_k=10; intro=5; window=1; max=10,10,5,1,10,20,10.0,1157.75,2.15,0.65,0.9,0.485,5.15,1.0,294.743,0.696204
top_k=3; intro=5; window=0; max=10,3,5,0,10,20,10.0,1148.4,2.8,0.65,0.9,0.48,5.2,1.0,294.743,0.69486
top_k=7; intro=2; window=1; max=10,7,2,1,10,20,10.0,1149.4,2.35,0.65,0.9,0.48,5.2,1.0,294.743,0.694843
top_k=10; intro=2; window=1; max=10,10,2,1,10,20,10.0,1149.4,2.35,0.65,0.9,0.48,5.2,1.0,294.743,0.694843
top_k=3; intro=3; window=1; max=10,3,3,1,10,20,10.0,1156.3,2.9,0.65,0.9,0.48,5.2,1.0,294.743,0.694728
top_k=5; intro=3; window=1; max=10,5,3,1,10,20,10.0,1160.45,2.35,0.65,0.9,0.48,5.2,1.0,294.743,0.694659
top_k=5; intro=5; window=0; max=8,5,5,0,8,20,8.0,933.95,2.0,0.65,0.85,0.51875,3.85,1.0,294.743,0.694559
top_k=7; intro=5; window=0; max=8,7,5,0,8,20,8.0,933.95,1.95,0.65,0.85,0.51875,3.85,1.0,294.743,0.694559
top_k=3; intro=2; window=0; max=10,3,2,0,10,20,10.0,1155.15,4.1,0.65,0.95,0.42,5.8,1.0,294.743,0.694247
top_k=3; intro=2; window=1; max=12,3,2,1,12,20,11.4,1317.3,3.9,0.65,0.95,0.431515,6.55,1.0,294.743,0.6936
top_k=5; intro=2; window=1; max=10,5,2,1,10,20,10.0,1153.35,2.45,0.65,0.9,0.475,5.25,1.0,294.743,0.693277
top_k=7; intro=2; window=1; max=12,7,2,1,12,20,11.9,1377.4,3.05,0.65,0.95,0.432955,6.75,1.0,294.743,0.69253
top_k=5; intro=5; window=0; max=10,5,5,0,10,20,10.0,1152.55,2.3,0.65,0.9,0.47,5.3,1.0,294.743,0.691791
top_k=7; intro=5; window=0; max=10,7,5,0,10,20,10.0,1152.55,2.2,0.65,0.9,0.47,5.3,1.0,294.743,0.691791
top_k=10; intro=5; window=0; max=10,10,5,0,10,20,10.0,1152.55,2.2,0.65,0.9,0.47,5.3,1.0,294.743,0.691791
top_k=5; intro=2; window=1; max=12,5,2,1,12,20,11.8,1368.9,3.15,0.65,0.95,0.428333,6.75,1.0,294.743,0.691385
top_k=3; intro=1; window=1; max=12,3,1,1,12,20,11.4,1314.35,4.2,0.65,0.95,0.423182,6.65,1.0,294.743,0.691149
top_k=10; intro=2; window=1; max=12,10,2,1,12,20,12.0,1389.4,3.0,0.65,0.95,0.429167,6.85,1.0,294.743,0.691093
top_k=7; intro=0; window=1; max=12,7,0,1,12,20,11.9,1356.75,3.45,0.65,0.95,0.424621,6.85,1.0,294.743,0.690374
top_k=3; intro=2; window=1; max=10,3,2,1,10,20,10.0,1149.3,3.05,0.65,0.9,0.465,5.35,1.0,294.743,0.690345
top_k=5; intro=0; window=1; max=12,5,0,1,12,20,11.8,1348.4,3.8,0.65,0.95,0.42,6.85,1.0,294.743,0.689227
top_k=3; intro=3; window=0; max=12,3,3,0,12,20,11.35,1317.15,4.25,0.65,0.95,0.416288,6.7,1.0,294.743,0.689084
top_k=5; intro=1; window=1; max=12,5,1,1,12,20,11.8,1359.6,3.35,0.65,0.95,0.42,6.85,1.0,294.743,0.68904
top_k=10; intro=0; window=1; max=12,10,0,1,12,20,12.0,1368.75,3.4,0.65,0.95,0.420833,6.95,1.0,294.743,0.688937
top_k=7; intro=1; window=1; max=12,7,1,1,12,20,11.9,1371.8,3.1,0.65,0.95,0.420455,6.9,1.0,294.743,0.688873
top_k=5; intro=5; window=2; max=8,5,5,2,8,20,8.0,929.25,1.85,0.65,0.8,0.55625,3.55,1.0,294.743,0.688388
top_k=7; intro=5; window=2; max=8,7,5,2,8,20,8.0,929.25,1.8,0.65,0.8,0.55625,3.55,1.0,294.743,0.688388
top_k=3; intro=1; window=0; max=10,3,1,0,10,20,10.0,1149.9,4.75,0.65,0.95,0.4,6.0,1.0,294.743,0.688335
top_k=3; intro=5; window=2; max=12,3,5,2,12,20,11.55,1319.55,3.05,0.65,0.9,0.472576,6.15,1.0,294.743,0.68823
top_k=5; intro=2; window=0; max=10,5,2,0,10,20,10.0,1164.6,3.65,0.65,0.95,0.4,6.0,1.0,294.743,0.68809
top_k=3; intro=2; window=2; max=12,3,2,2,12,20,11.5,1318.2,3.2,0.65,0.9,0.469848,6.15,1.0,294.743,0.687484
top_k=3; intro=3; window=2; max=12,3,3,2,12,20,11.5,1320.55,3.15,0.65,0.9,0.469848,6.15,1.0,294.743,0.687445
top_k=10; intro=1; window=1; max=12,10,1,1,12,20,12.0,1383.8,3.05,0.65,0.95,0.416667,7.0,1.0,294.743,0.687437
top_k=3; intro=5; window=2; max=8,3,5,2,8,20,8.0,928.8,2.1,0.65,0.8,0.55,3.6,1.0,294.743,0.68652
top_k=3; intro=5; window=2; max=16,3,5,2,16,20,14.1,1613.8,4.2,0.65,0.95,0.432576,8.3,1.0,294.743,0.686276
top_k=3; intro=0; window=1; max=12,3,0,1,12,20,11.4,1311.05,4.7,0.65,0.95,0.406515,6.85,1.0,294.743,0.686204
top_k=3; intro=5; window=1; max=12,3,5,1,12,20,11.55,1326.65,3.25,0.65,0.9,0.464242,6.25,1.0,294.743,0.685612
top_k=5; intro=2; window=2; max=12,5,2,2,12,20,11.8,1358.35,2.5,0.65,0.9,0.465833,6.3,1.0,294.743,0.685311
top_k=5; intro=1; window=0; max=10,5,1,0,10,20,10.0,1160.8,4.4,0.65,0.95,0.39,6.1,1.0,294.743,0.685153
top_k=7; intro=2; window=0; max=10,7,2,0,10,20,10.0,1167.65,3.4,0.65,0.95,0.39,6.1,1.0,294.743,0.685039
top_k=10; intro=2; window=0; max=10,10,2,0,10,20,10.0,1167.65,3.3,0.65,0.95,0.39,6.1,1.0,294.743,0.685039
top_k=5; intro=5; window=2; max=12,5,5,2,12,20,11.85,1359.7,2.45,0.65,0.9,0.464394,6.35,1.0,294.743,0.684807
top_k=3; intro=2; window=2; max=16,3,2,2,16,20,14.05,1617.25,4.45,0.65,0.95,0.426723,8.35,1.0,294.743,0.684513
top_k=7; intro=2; window=2; max=12,7,2,2,12,20,11.95,1372.4,2.5,0.65,0.9,0.464394,6.4,1.0,294.743,0.684495
top_k=5; intro=3; window=2; max=12,5,3,2,12,20,11.8,1360.7,2.5,0.65,0.9,0.461667,6.35,1.0,294.743,0.684022
top_k=10; intro=2; window=2; max=12,10,2,2,12,20,12.0,1374.45,2.4,0.65,0.9,0.4625,6.45,1.0,294.743,0.683843
top_k=3; intro=5; window=1; max=16,3,5,1,16,20,14.1,1622.9,4.25,0.65,0.95,0.423201,8.45,1.0,294.743,0.683312
top_k=3; intro=1; window=2; max=16,3,1,2,16,20,14.0,1608.3,4.55,0.65,0.95,0.421932,8.4,1.0,294.743,0.683275
top_k=7; intro=5; window=2; max=12,7,5,2,12,20,11.95,1371.7,2.4,0.65,0.9,0.460227,6.45,1.0,294.743,0.683256
top_k=7; intro=3; window=2; max=12,7,3,2,12,20,11.95,1374.75,2.5,0.65,0.9,0.460227,6.45,1.0,294.743,0.683206
top_k=3; intro=2; window=0; max=12,3,2,0,12,20,11.3,1311.05,4.8,0.65,0.95,0.395,6.95,1.0,294.743,0.682849
top_k=3; intro=5; window=1; max=8,3,5,1,8,20,8.0,928.95,2.15,0.65,0.8,0.5375,3.7,1.0,294.743,0.682768
top_k=5; intro=5; window=1; max=8,5,5,1,8,20,8.0,929.4,1.9,0.65,0.8,0.5375,3.7,1.0,294.743,0.68276
top_k=7; intro=5; window=1; max=8,7,5,1,8,20,8.0,929.4,1.85,0.65,0.8,0.5375,3.7,1.0,294.743,0.68276
top_k=3; intro=5; window=0; max=16,3,5,0,16,20,14.0,1610.8,4.35,0.65,0.95,0.420076,8.45,1.0,294.743,0.682676
top_k=3; intro=3; window=2; max=16,3,3,2,16,20,14.05,1617.85,4.4,0.65,0.95,0.420473,8.45,1.0,294.743,0.682628
top_k=10; intro=5; window=2; max=12,10,5,2,12,20,12.0,1373.75,2.35,0.65,0.9,0.458333,6.5,1.0,294.743,0.682604
top_k=10; intro=3; window=2; max=12,10,3,2,12,20,12.0,1376.8,2.4,0.65,0.9,0.458333,6.5,1.0,294.743,0.682553
top_k=7; intro=1; window=0; max=10,7,1,0,10,20,10.0,1160.9,4.05,0.65,0.95,0.38,6.2,1.0,294.743,0.682152
top_k=10; intro=1; window=0; max=10,10,1,0,10,20,10.0,1164.6,4.0,0.65,0.95,0.38,6.2,1.0,294.743,0.68209
top_k=3; intro=0; window=2; max=16,3,0,2,16,20,13.75,1578.2,4.75,0.65,0.95,0.4148,8.35,1.0,294.743,0.681887
top_k=10; intro=0; window=0; max=10,10,0,0,10,20,10.0,1143.85,5.15,0.65,0.95,0.375,6.25,1.0,294.743,0.680936
top_k=10; intro=0; window=0; max=12,10,0,0,12,20,10.0,1143.85,5.15,0.65,0.95,0.375,6.25,1.0,294.743,0.680936
top_k=10; intro=0; window=0; max=16,10,0,0,16,20,10.0,1143.85,5.15,0.65,0.95,0.375,6.25,1.0,294.743,0.680936
top_k=5; intro=3; window=0; max=12,5,3,0,12,20,11.75,1370.9,3.8,0.65,0.95,0.390455,7.2,1.0,294.743,0.680038
top_k=3; intro=5; window=2; max=6,3,5,2,6,20,6.0,693.95,1.35,0.65,0.7,0.625,2.25,1.0,294.743,0.679934
top_k=5; intro=5; window=2; max=6,5,5,2,6,20,6.0,693.95,1.35,0.65,0.7,0.625,2.25,1.0,294.743,0.679934
top_k=5; intro=5; window=1; max=12,5,5,1,12,20,11.85,1366.8,2.7,0.65,0.9,0.447727,6.55,1.0,294.743,0.679688
top_k=7; intro=5; window=1; max=12,7,5,1,12,20,11.95,1378.8,2.6,0.65,0.9,0.447727,6.6,1.0,294.743,0.679388
top_k=3; intro=5; window=0; max=12,3,5,0,12,20,11.55,1325.4,3.45,0.65,0.9,0.443409,6.5,1.0,294.743,0.679383
top_k=3; intro=3; window=1; max=16,3,3,1,16,20,13.75,1593.15,4.75,0.65,0.95,0.40717,8.45,1.0,294.743,0.679348
top_k=3; intro=1; window=0; max=12,3,1,0,12,20,11.0,1263.85,5.15,0.65,0.95,0.37803,6.95,1.0,294.743,0.678845
top_k=3; intro=1; window=0; max=16,3,1,0,16,20,11.0,1263.85,5.15,0.65,0.95,0.37803,6.95,1.0,294.743,0.678845
top_k=10; intro=5; window=1; max=12,10,5,1,12,20,12.0,1380.85,2.55,0.65,0.9,0.445833,6.65,1.0,294.743,0.678736
top_k=3; intro=3; window=1; max=12,3,3,1,12,20,11.4,1317.3,3.7,0.65,0.9,0.439848,6.45,1.0,294.743,0.678599
top_k=3; intro=0; window=1; max=16,3,0,1,16,20,12.45,1426.45,5.15,0.65,0.95,0.390691,7.8,1.0,294.743,0.678483
top_k=3; intro=2; window=1; max=16,3,2,1,16,20,13.6,1575.05,5.0,0.65,0.95,0.401753,8.45,1.0,294.743,0.678175
top_k=3; intro=3; window=0; max=16,3,3,0,16,20,12.95,1502.7,5.1,0.65,0.95,0.394573,8.1,1.0,294.743,0.677877
top_k=7; intro=3; window=1; max=12,7,3,1,12,20,11.9,1377.4,2.9,0.65,0.9,0.441288,6.65,1.0,294.743,0.67753
top_k=3; intro=1; window=1; max=16,3,1,1,16,20,13.2,1516.45,5.15,0.65,0.95,0.394242,8.3,1.0,294.743,0.677298
top_k=3; intro=2; window=0; max=16,3,2,0,16,20,12.15,1401.85,5.15,0.65,0.95,0.383617,7.7,1.0,294.743,0.677071
top_k=5; intro=3; window=1; max=12,5,3,1,12,20,11.8,1369.35,2.95,0.65,0.9,0.436667,6.65,1.0,294.743,0.676378
top_k=10; intro=3; window=1; max=12,10,3,1,12,20,12.0,1385.45,2.8,0.65,0.9,0.4375,6.75,1.0,294.743,0.676159
top_k=7; intro=3; window=0; max=12,7,3,0,12,20,11.8,1383.65,3.4,0.65,0.95,0.375682,7.4,1.0,294.743,0.675344
top_k=5; intro=2; window=0; max=12,5,2,0,12,20,11.7,1359.15,4.4,0.65,0.95,0.373333,7.4,1.0,294.743,0.675147
top_k=3; intro=1; window=2; max=6,3,1,2,6,20,6.0,693.45,1.35,0.65,0.7,0.608333,2.35,1.0,294.743,0.674942
top_k=5; intro=1; window=2; max=6,5,1,2,6,20,6.0,693.45,1.35,0.65,0.7,0.608333,2.35,1.0,294.743,0.674942
top_k=5; intro=5; window=2; max=16,5,5,2,16,20,15.2,1745.65,3.35,0.65,0.95,0.405548,9.15,1.0,294.743,0.67487
top_k=3; intro=2; window=2; max=6,3,2,2,6,20,6.0,700.05,1.35,0.65,0.7,0.608333,2.35,1.0,294.743,0.674832
top_k=3; intro=3; window=2; max=6,3,3,2,6,20,6.0,700.05,1.35,0.65,0.7,0.608333,2.35,1.0,294.743,0.674832
top_k=5; intro=2; window=2; max=6,5,2,2,6,20,6.0,700.05,1.35,0.65,0.7,0.608333,2.35,1.0,294.743,0.674832
top_k=5; intro=3; window=2; max=6,5,3,2,6,20,6.0,700.05,1.35,0.65,0.7,0.608333,2.35,1.0,294.743,0.674832
top_k=5; intro=1; window=2; max=16,5,1,2,16,20,15.05,1730.85,3.55,0.65,0.95,0.402344,9.1,1.0,294.743,0.674306
top_k=5; intro=1; window=0; max=12,5,1,0,12,20,11.35,1311.3,5.0,0.65,0.95,0.366212,7.3,1.0,294.743,0.674159
top_k=5; intro=0; window=2; max=16,5,0,2,16,20,14.9,1703.6,3.9,0.65,0.95,0.397438,9.1,1.0,294.743,0.673438
top_k=5; intro=2; window=2; max=16,5,2,2,16,20,15.15,1745.8,3.5,0.65,0.95,0.399696,9.2,1.0,294.743,0.673162
top_k=5; intro=5; window=0; max=12,5,5,0,12,20,11.8,1364.85,2.95,0.65,0.9,0.422348,6.85,1.0,294.743,0.672157
top_k=10; intro=3; window=0; max=12,10,3,0,12,20,12.0,1403.7,3.35,0.65,0.95,0.366667,7.6,1.0,294.743,0.672105
top_k=7; intro=5; window=2; max=16,7,5,2,16,20,15.45,1772.25,3.15,0.65,0.95,0.397487,9.4,1.0,294.743,0.671759
top_k=7; intro=1; window=2; max=16,7,1,2,16,20,15.4,1760.4,3.25,0.65,0.95,0.395964,9.4,1.0,294.743,0.671549
top_k=7; intro=2; window=2; max=16,7,2,2,16,20,15.4,1768.45,3.25,0.65,0.95,0.395964,9.4,1.0,294.743,0.671415
top_k=7; intro=0; window=2; max=16,7,0,2,16,20,15.35,1740.5,3.45,0.65,0.95,0.394089,9.4,1.0,294.743,0.671368
top_k=7; intro=2; window=0; max=12,7,2,0,12,20,11.7,1365.35,3.9,0.65,0.95,0.360833,7.55,1.0,294.743,0.671294
top_k=5; intro=3; window=2; max=16,5,3,2,16,20,15.15,1745.8,3.45,0.65,0.95,0.393446,9.3,1.0,294.743,0.671287
top_k=5; intro=5; window=1; max=16,5,5,1,16,20,15.1,1742.75,3.55,0.65,0.95,0.391031,9.35,1.0,294.743,0.670663
top_k=7; intro=1; window=0; max=12,7,1,0,12,20,11.6,1341.9,4.9,0.65,0.95,0.357045,7.55,1.0,294.743,0.670648
top_k=7; intro=5; window=0; max=12,7,5,0,12,20,11.9,1377.3,2.85,0.65,0.9,0.418182,6.95,1.0,294.743,0.6706
top_k=5; intro=1; window=0; max=16,5,1,0,16,20,11.75,1353.85,5.15,0.65,0.95,0.357925,7.7,1.0,294.743,0.670563
top_k=5; intro=2; window=1; max=16,5,2,1,16,20,14.9,1717.8,4.1,0.65,0.95,0.386369,9.3,1.0,294.743,0.669881
top_k=7; intro=3; window=2; max=16,7,3,2,16,20,15.4,1768.45,3.25,0.65,0.95,0.389714,9.5,1.0,294.743,0.66954
top_k=5; intro=0; window=1; max=16,5,0,1,16,20,14.35,1651.1,5.0,0.65,0.95,0.378304,9.15,1.0,294.743,0.669123
top_k=10; intro=5; window=0; max=12,10,5,0,12,20,12.0,1385.35,2.8,0.65,0.9,0.4125,7.05,1.0,294.743,0.668661
top_k=5; intro=3; window=1; max=16,5,3,1,16,20,15.0,1737.0,3.95,0.65,0.95,0.383512,9.4,1.0,294.743,0.668604
top_k=5; intro=5; window=0; max=16,5,5,0,16,20,14.95,1724.8,3.8,0.65,0.95,0.378152,9.5,1.0,294.743,0.667249
top_k=10; intro=2; window=0; max=12,10,2,0,12,20,11.95,1399.05,3.9,0.65,0.95,0.349242,7.8,1.0,294.743,0.667005
top_k=7; intro=2; window=1; max=16,7,2,1,16,20,15.3,1761.05,3.55,0.65,0.95,0.380358,9.6,1.0,294.743,0.666957
top_k=5; intro=1; window=1; max=16,5,1,1,16,20,14.7,1693.8,4.5,0.65,0.95,0.373814,9.4,1.0,294.743,0.666714
top_k=7; intro=5; window=1; max=16,7,5,1,16,20,15.4,1775.35,3.25,0.65,0.95,0.379987,9.65,1.0,294.743,0.666507
top_k=10; intro=1; window=0; max=12,10,1,0,12,20,11.85,1377.65,4.8,0.65,0.95,0.342348,7.85,1.0,294.743,0.665394
top_k=7; intro=3; window=1; max=16,7,3,1,16,20,15.3,1768.25,3.45,0.65,0.95,0.374108,9.7,1.0,294.743,0.664962
top_k=10; intro=5; window=2; max=16,10,5,2,16,20,16.0,1838.0,3.1,0.65,0.95,0.378125,9.95,1.0,294.743,0.664937
top_k=10; intro=1; window=2; max=16,10,1,2,16,20,15.95,1826.15,3.2,0.65,0.95,0.3775,9.95,1.0,294.743,0.6648
top_k=10; intro=2; window=2; max=16,10,2,2,16,20,15.95,1834.2,3.2,0.65,0.95,0.3775,9.95,1.0,294.743,0.6648
top_k=7; intro=1; window=0; max=16,7,1,0,16,20,12.35,1425.85,5.15,0.65,0.95,0.344225,8.3,1.0,294.743,0.664653
top_k=7; intro=0; window=1; max=16,7,0,1,16,20,15.05,1717.4,4.4,0.65,0.95,0.368852,9.65,1.0,294.743,0.664482
top_k=5; intro=2; window=0; max=16,5,2,0,16,20,13.3,1544.7,5.05,0.65,0.95,0.351948,8.85,1.0,294.743,0.664039
top_k=7; intro=1; window=1; max=16,7,1,1,16,20,15.25,1749.95,3.85,0.65,0.95,0.369287,9.75,1.0,294.743,0.66387
top_k=10; intro=0; window=2; max=16,10,0,2,16,20,15.95,1812.25,3.4,0.65,0.95,0.374375,10.0,1.0,294.743,0.663863
top_k=10; intro=3; window=2; max=16,10,3,2,16,20,15.95,1834.2,3.2,0.65,0.95,0.37125,10.05,1.0,294.743,0.662925
top_k=5; intro=3; window=0; max=16,5,3,0,16,20,14.2,1659.15,4.6,0.65,0.95,0.35298,9.45,1.0,294.743,0.661542
top_k=10; intro=2; window=1; max=16,10,2,1,16,20,15.9,1831.7,3.55,0.65,0.95,0.361607,10.2,1.0,294.743,0.660082
top_k=7; intro=5; window=0; max=16,7,5,0,16,20,15.3,1771.75,3.45,0.65,0.95,0.357413,10.0,1.0,294.743,0.659895
top_k=10; intro=5; window=1; max=16,10,5,1,16,20,16.0,1847.1,3.2,0.65,0.95,0.359375,10.25,1.0,294.743,0.659312
top_k=10; intro=1; window=1; max=16,10,1,1,16,20,15.85,1813.15,3.8,0.65,0.95,0.353274,10.3,1.0,294.743,0.657632
top_k=10; intro=3; window=1; max=16,10,3,1,16,20,15.95,1840.95,3.45,0.65,0.95,0.3525,10.35,1.0,294.743,0.6573
top_k=10; intro=0; window=1; max=16,10,0,1,16,20,15.7,1787.2,4.35,0.65,0.95,0.350893,10.25,1.0,294.743,0.657281
top_k=7; intro=2; window=0; max=16,7,2,0,16,20,14.3,1665.3,4.85,0.65,0.95,0.332708,9.85,1.0,294.743,0.655257
top_k=10; intro=1; window=0; max=16,10,1,0,16,20,13.3,1539.85,5.15,0.65,0.95,0.321515,9.25,1.0,294.743,0.65499
top_k=7; intro=3; window=0; max=16,7,3,0,16,20,14.95,1751.05,4.25,0.65,0.95,0.332944,10.2,1.0,294.743,0.653249
top_k=10; intro=5; window=0; max=16,10,5,0,16,20,15.95,1849.5,3.4,0.65,0.95,0.333333,10.65,1.0,294.743,0.65155
top_k=10; intro=3; window=0; max=16,10,3,0,16,20,15.75,1846.8,4.2,0.65,0.95,0.305962,11.0,1.0,294.743,0.643539
top_k=10; intro=2; window=0; max=16,10,2,0,16,20,15.2,1779.65,4.75,0.65,0.95,0.301234,10.8,1.0,294.743,0.643009
